{
  "windows": {
    "15": {
      "return_pct": -5.859299929554891,
      "sharpe": 1.3195079199524675,
      "max_drawdown_pct": 11.502909261704646,
      "num_rebalances": 34,
      "fees_pct": 14.282981262692923
    },
    "30": {
      "return_pct": 7.178661289933752,
      "sharpe": 2.0140333525449927,
      "max_drawdown_pct": 7.327713761152048,
      "num_rebalances": 19,
      "fees_pct": 7.84740113140322
    },
    "45": {
      "return_pct": 6.111626196858906,
      "sharpe": 1.3300379254738943,
      "max_drawdown_pct": 8.573227116173035,
      "num_rebalances": 12,
      "fees_pct": 4.254685633298098
    },
    "60": {
      "return_pct": 16.057955807831405,
      "sharpe": 2.862526902825206,
      "max_drawdown_pct": 7.414123307495278,
      "num_rebalances": 12,
      "fees_pct": 3.8941623986181444
    },
    "75": {
      "return_pct": 11.342491786147148,
      "sharpe": 2.3999237558454727,
      "max_drawdown_pct": 5.8050080007235865,
      "num_rebalances": 8,
      "fees_pct": 2.8160946987752693
    }
  },
  "benchmarks": {
    "equal_weight": {
      "initial": 10000.0,
      "final": 10398.097026263442,
      "return_pct": 3.9809702626344188,
      "volatility": 0.3818491330012598,
      "sharpe": 0.4192716265460555
    },
    "BTC-USDC_only": {
      "initial": 10000.0,
      "final": 9290.882423648261,
      "return_pct": -7.091175763517385,
      "volatility": 0.35066543700934794,
      "sharpe": -0.8602046261562409
    },
    "ETH-USDC_only": {
      "initial": 10000.0,
      "final": 10115.283743598231,
      "return_pct": 1.1528374359823101,
      "volatility": 0.7333434881667552,
      "sharpe": 0.06410207328340817
    },
    "PAXG-USDC_only": {
      "initial": 10000.0,
      "final": 12260.552625927623,
      "return_pct": 22.60552625927623,
      "volatility": 0.23891409514921916,
      "sharpe": 3.4983989943426965
    },
    "SOL-USDC_only": {
      "initial": 10000.0,
      "final": 10229.452599226328,
      "return_pct": 2.2945259922632797,
      "volatility": 0.842744830842372,
      "sharpe": 0.11039876932681258
    },
    "risk_free": {
      "initial": 10000.0,
      "final": 10095.378481598838,
      "return_pct": 0.9537848159883834,
      "volatility": 0.0,
      "sharpe": 0.0
    }
  }
}