{
  "equal_weight": {
    "initial": 10000.0,
    "final": 10398.097026263442,
    "return_pct": 3.9809702626344188,
    "volatility": 0.3818491330012598,
    "sharpe": 0.4192716265460555
  },
  "BTC-USDC_only": {
    "initial": 10000.0,
    "final": 9290.882423648261,
    "return_pct": -7.091175763517385,
    "volatility": 0.35066543700934794,
    "sharpe": -0.8602046261562409
  },
  "ETH-USDC_only": {
    "initial": 10000.0,
    "final": 10115.283743598231,
    "return_pct": 1.1528374359823101,
    "volatility": 0.7333434881667552,
    "sharpe": 0.06410207328340817
  },
  "PAXG-USDC_only": {
    "initial": 10000.0,
    "final": 12260.552625927623,
    "return_pct": 22.60552625927623,
    "volatility": 0.23891409514921916,
    "sharpe": 3.4983989943426965
  },
  "SOL-USDC_only": {
    "initial": 10000.0,
    "final": 10229.452599226328,
    "return_pct": 2.2945259922632797,
    "volatility": 0.842744830842372,
    "sharpe": 0.11039876932681258
  },
  "risk_free": {
    "initial": 10000.0,
    "final": 10095.378481598838,
    "return_pct": 0.9537848159883834,
    "volatility": 0.0,
    "sharpe": 0.0
  }
}