{
  "equal_weight": {
    "initial": 10000.0,
    "final": 10375.077593636937,
    "return_pct": 3.750775936369373,
    "volatility": 0.3873529273410088,
    "sharpe": 0.3898494498352888
  },
  "BTC-USD_only": {
    "initial": 10000.0,
    "final": 9053.408539740369,
    "return_pct": -9.465914602596314,
    "volatility": 0.3462221271375515,
    "sharpe": -1.1779466639122922
  },
  "ETH-USD_only": {
    "initial": 10000.0,
    "final": 10089.634438354697,
    "return_pct": 0.8963443835469662,
    "volatility": 0.7359275177843225,
    "sharpe": 0.04972829399637835
  },
  "PAXG-USD_only": {
    "initial": 10000.0,
    "final": 12558.055596156797,
    "return_pct": 25.58055596156797,
    "volatility": 0.20533631424286733,
    "sharpe": 4.549329936955794
  },
  "SOL-USD_only": {
    "initial": 10000.0,
    "final": 10073.821066549137,
    "return_pct": 0.7382106654913696,
    "volatility": 0.8689715436667862,
    "sharpe": 0.03471199090618326
  },
  "risk_free": {
    "initial": 10000.0,
    "final": 10101.602900538277,
    "return_pct": 1.0160290053827703,
    "volatility": 0.0,
    "sharpe": 0.0
  }
}